	model	acc	diff	expected	unexpected	macrodiff
0	distilbert-base-uncased	1.0	-3.030519089545851	6.130620508752448	9.161139598298298	-3.0305190895458507
1	distilbert/distilgpt2	0.8333333333333334	-2.1946304447948934	6.586919634789228	8.781550079584122	-2.1946304447948934
2	gpt2	0.8333333333333334	-2.2277927344044044	6.583820017675559	8.811612752079965	-2.2277927344044057
